group_id,name,abbreviation,published_year,published_on,is_supplemental
24688,ME05: Pitch Black,ME05,2026,2026-07-17,false
24655,ME04: Chaos Rising,CRI,2026,2026-05-22,false
1414,POP Series 7,POP,2026,2026-05-07,false
1422,POP Series 1,POP,2026,2026-05-07,false
1423,Nintendo Promos,PR,2026,2026-05-07,false
1432,POP Series 6,POP,2026,2026-05-07,false
1439,POP Series 5,POP,2026,2026-05-07,false
1442,POP Series 3,POP,2026,2026-05-07,false
1446,POP Series 9,POP,2026,2026-05-07,false
1447,POP Series 2,POP,2026,2026-05-07,false
1450,POP Series 8,POP,2026,2026-05-07,false
1452,POP Series 4,POP,2026,2026-05-07,false
1542,EX Trainer Kit 2: Plusle & Minun,PR,2026,2026-05-07,false
1543,EX Trainer Kit 1: Latias & Latios,PR,2026,2026-05-07,false
1938,Alternate Art Promos,PR,2026,2026-05-07,true
2175,Burger King Promos,BKP,2026,2026-05-07,true
2205,Pikachu World Collection Promos,PWCP,2026,2026-05-07,true
2289,Blister Exclusives,BLE,2026,2026-05-07,true
2332,Professor Program Promos,PPP,2026,2026-05-07,true
2374,Miscellaneous Cards & Products,MCAP,2026,2026-05-07,true
2776,First Partner Pack,FPP,2026,2026-05-07,true
24172,Unnumbered Promotional cards,,2026,2026-05-07,false
24194,CoroCoro Promotional Cards,,2026,2026-05-07,false
24195,How I Became a Pokemon Card,,2026,2026-05-07,false
24196,Elementary School Competition,,2026,2026-05-07,false
24197,64 Mario Stadium Best Photo Contest,,2026,2026-05-07,false
24198,Pokemon Card Information Promotional cards,,2026,2026-05-07,false
24199,Battle Road,,2026,2026-05-07,false
24200,World Hobby Fair,,2026,2026-05-07,false
24201,Champion Road,,2026,2026-05-07,false
24202,Gym Challenge,,2026,2026-05-07,false
24203,Pokemon Card Design Contest,,2026,2026-05-07,false
24204,Pokemon Card Fan Club,,2026,2026-05-07,false
24205,Unnumbered World Championships,,2026,2026-05-07,false
24206,Vending Machine cards Series 1 (Blue),,2026,2026-05-07,false
24207,Vending Machine cards Series 2 (Red),,2026,2026-05-07,false
24208,Vending Machine cards Series 3 (Green),,2026,2026-05-07,false
24489,Limited Collection Master Battle Set,,2026,2026-05-07,false
24584,First Partner Collection 2026,,2026,2026-03-30,false
24587,ME03: Perfect Order,POR,2026,2026-03-27,false
24653,M4: Ninja Spinner,m4,2026,2026-03-13,false
24541,ME: Ascended Heroes,ASC,2026,2026-01-30,false
24600,M3: Nihil Zero,M3,2026,2026-01-23,false
24529,Player Placement Trainer Promos,,2026,2026-01-02,false
24567,Start Deck 100 Battle Collection,,2025,2025-12-19,false
24607,MP1: Start Deck 100 Battle Collection CoroCiao Version,MP1,2025,2025-12-19,false
24568,Japanese CD Promo,,2025,2025-12-01,false
24499,M2a: High Class Pack: MEGA Dream ex,M2a,2025,2025-11-28,false
24448,ME02: Phantasmal Flames,PFL,2025,2025-11-14,false
24380,ME01: Mega Evolution,MEG,2025,2025-09-26,false
24451,ME: Mega Evolution Promo,MEP,2025,2025-09-26,false
24459,M2: Inferno X,M2,2025,2025-09-26,false
24461,MEE: Mega Evolution Energies,MEE,2025,2025-09-26,false
24444,MBG: MEGA Starter Set Mega Gengar ex,MBG,2025,2025-09-12,false
24445,MBD: MEGA Starter Set Mega Diancie ex,MBD,2025,2025-09-05,false
24423,M-P Promotional Cards,M-P,2025,2025-08-08,false
24399,m1L: Mega Brave,m1L,2025,2025-08-01,false
24400,m1S: Mega Symphonia,m1S,2025,2025-08-01,false
24420,Scarlet & Violet Energies,,2025,2025-08-01,false
24325,SV: Black Bolt,BLK,2025,2025-07-18,false
24326,SV: White Flare,WHT,2025,2025-07-18,false
24349,SV11B: Black Bolt,SV11B,2025,2025-06-06,false
24350,SV11W: White Flare,SV11W,2025,2025-06-06,false
24269,SV10: Destined Rivals,DRI,2025,2025-05-30,false
24310,SV10: The Glory of Team Rocket,SV10,2025,2025-04-18,false
24073,SV09: Journey Together,JTG,2025,2025-03-28,false
24260,SV9a: Heat Wave Arena,SV9a,2025,2025-03-14,false
24230,SV: ex Starter Set Steven's Beldum & Metagross ex,SVOD,2025,2025-02-21,false
24231,SV: ex Starter Set Marnie's Morpeko & Grimmsnarl ex,SVOM,2025,2025-02-21,false
24173,SV9: Battle Partners,SV9,2025,2025-01-24,false
24174,SVN: Battle Partners Deck Build Box,SVN,2025,2025-01-24,false
24163,McDonald's Promos 2024,M24,2025,2025-01-21,false
23821,SV: Prismatic Evolutions,PRE,2025,2025-01-17,false
23909,SV8a: Terastal Fest ex,SV8a,2024,2024-12-06,false
24324,SVM: Generations Start Decks,,2024,2024-11-22,false
23651,SV08: Surging Sparks,SSP,2024,2024-11-08,false
23777,SV8: Super Electric Breaker,SV8,2024,2024-10-18,false
23779,SV-P Promotional Cards,SV-P,2024,2024-10-18,false
23537,SV07: Stellar Crown,SCR,2024,2024-09-13,false
23604,SV7a: Paradise Dragona,SV7a,2024,2024-09-13,false
23561,Trick or Trade BOOster Bundle 2024,TTBB24,2024,2024-08-30,false
23793,SV: Ceruledge ex Stellar Tera Type Starter Set,svL,2024,2024-08-30,false
23798,SV: Sylveon ex Stellar Tera Type Starter Set,svLN,2024,2024-08-30,false
23529,SV: Shrouded Fable,SFA,2024,2024-08-02,false
24425,Special Box Collections,SBC,2024,2024-08-01,false
23615,SV7: Stellar Miracle,SV7,2024,2024-07-19,false
23794,SV: Stellar Miracle Deck Build Box,svK,2024,2024-07-19,false
23520,Battle Academy 2024,BA24,2024,2024-06-21,false
23603,SV6a: Night Wanderer,SV6a,2024,2024-06-07,false
23473,SV06: Twilight Masquerade,TWM,2024,2024-05-24,false
23795,SV: Chien-Pao ex Battle Master Deck,svJP,2024,2024-05-17,false
23796,SV: Terastal Charizard ex Battle Master Deck,svJL,2024,2024-05-17,false
23614,SV6: Transformation Mask,SV6,2024,2024-04-26,false
23381,SV05: Temporal Forces,TEF,2024,2024-03-22,false
23602,SV5a: Crimson Haze,SV5a,2024,2024-03-22,false
23822,Battle Academy,svI,2024,2024-03-08,false
23797,SV: ex Starter Deck & Build Set,svH,2024,2024-02-02,false
23353,SV: Paldean Fates,PAF,2024,2024-01-26,false
23612,SV5K: Wild Force,SV5K,2024,2024-01-26,false
23613,SV5M: Cyber Judge,SV5M,2024,2024-01-26,false
23810,SV: Ancient Koraidon ex Starter Deck & Build Set,svHK,2024,2024-01-26,false
23811,SV: Future Miraidon ex Starter Deck & Build Set,svHM,2024,2024-01-26,false
23601,SV4a: Shiny Treasure ex,SV4a,2023,2023-12-01,false
23323,Trading Card Game Classic,CL,2023,2023-11-17,false
23812,"SV: Venusaur, Charizard & Blastoise Special Deck Set",svG,2023,2023-11-10,false
23286,SV04: Paradox Rift,PAR,2023,2023-11-03,false
23610,SV4K: Ancient Roar,SV4K,2023,2023-10-27,false
23611,SV4M: Future Flash,SV4M,2023,2023-10-27,false
23330,My First Battle,,2023,2023-09-29,false
23237,SV: Scarlet & Violet 151,MEW,2023,2023-09-22,false
23600,SV3a: Raging Surf,SV3a,2023,2023-09-22,false
23799,SV: Mewtwo ex Terastal Starter Set,svEM,2023,2023-09-22,false
23800,SV: Skeledirge ex Terastal Starter Set,svEL,2023,2023-09-22,false
23306,McDonald's Promos 2023,M23,2023,2023-09-12,false
23266,Trick or Trade BOOster Bundle 2023,TTBB23,2023,2023-09-01,false
23228,SV03: Obsidian Flames,OBF,2023,2023-08-11,false
23609,SV3: Ruler of the Black Flame,SV3,2023,2023-07-28,false
23801,SV: Ruler of the Black Flame Deck Build Box,svF,2023,2023-07-28,false
23802,WCS23: 2023 World Championships Yokohama Deck: Pikachu,WCS23,2023,2023-07-28,false
23803,SV: ex Start Decks,svD,2023,2023-07-07,false
23599,SV2a: Pokemon Card 151,SV2a,2023,2023-06-16,false
23120,SV02: Paldea Evolved,PAL,2023,2023-06-09,false
23804,SV: ex Special Set,svP1,2023,2023-05-19,false
23607,SV2P: Snow Hazard,SV2P,2023,2023-04-14,false
23608,SV2D: Clay Burst,SV2D,2023,2023-04-14,false
22872,SV: Scarlet & Violet Promo Cards,SVP,2023,2023-03-31,false
22873,SV01: Scarlet & Violet Base Set,SVI,2023,2023-03-31,false
24382,SVE: Scarlet & Violet Energies,SVE,2023,2023-03-31,false
23805,SV: ex Starter Set Pikachu ex & Pawmot,svC,2023,2023-03-24,false
23598,SV1a: Triplet Beat,SV1a,2023,2023-03-10,false
24468,Triple Starter Deck Set VMAX,,2023,2023-03-01,false
23817,Pokemon TCG Classic: Blastoise,CLV,2023,2023-02-27,false
23818,Pokemon TCG Classic: Charizard,CLL,2023,2023-02-27,false
23819,Pokemon TCG Classic: Venusaur,CLF,2023,2023-02-27,false
17688,SWSH: Crown Zenith,CRZ,2023,2023-01-20,false
17689,SWSH: Crown Zenith: Galarian Gallery,CRZ:GG,2023,2023-01-20,false
23605,SV1S: Scarlet ex,SV1S,2023,2023-01-20,false
23606,SV1V: Violet ex,SV1V,2023,2023-01-20,false
23806,SV: Premium Trainer Box ex,svB,2023,2023-01-20,false
23807,SV: ex Starter Set Sprigatito & Lucario ex,svAM,2023,2023-01-20,false
23808,SV: ex Starter Set Quaxly & Mimikyu ex,svAM,2023,2023-01-20,false
23809,SV: ex Starter Set Fuecoco & Ampharos ex,svAW,2023,2023-01-20,false
23645,S12a: VSTAR Universe,S12a,2022,2022-12-02,false
22880,Prize Pack Series Cards,,2022,2022-11-30,false
3170,SWSH12: Silver Tempest,SWSH12,2022,2022-11-11,false
17674,SWSH12: Silver Tempest Trainer Gallery,SWSH12: TG,2022,2022-11-11,false
23830,s0: Charizard VSTAR vs Rayquaza VMAX Special Deck Set,s0,2022,2022-11-04,false
23632,S12: Paradigm Trigger,S12,2022,2022-10-21,false
3118,SWSH11: Lost Origin,SWSH11,2022,2022-09-09,false
3172,SWSH11: Lost Origin Trainer Gallery,SWSH11: TG,2022,2022-09-09,false
23642,S11a: Incandescent Arcana,S11a,2022,2022-09-02,false
3179,Trick or Trade BOOster Bundle,TTBB,2022,2022-09-01,false
23831,sp6: VSTAR Special Set,sp6,2022,2022-08-05,false
3150,McDonald's Promos 2022,M22,2022,2022-08-03,false
23631,S11: Lost Abyss,S11,2022,2022-07-15,false
23832,sPD: Deoxys VSTAR & VMAX High-Class Deck,sPD,2022,2022-07-15,false
23833,sPZ: Zeraora VSTAR & VMAX High-Class Deck,sPZ,2022,2022-07-15,false
3064,Pokemon GO,PGO,2022,2022-07-01,false
23641,S10b: Pokemon GO,S10b,2022,2022-06-17,false
3040,SWSH10: Astral Radiance,SWSH10,2022,2022-05-27,false
3068,SWSH10: Astral Radiance Trainer Gallery,SWSH10:TG,2022,2022-05-27,false
23640,S10a: Dark Phantasma,S10a,2022,2022-05-13,false
23629,S10D: Time Gazer,S10D,2022,2022-04-08,false
23630,S10P: Space Juggler,S10P,2022,2022-04-08,false
3051,Battle Academy 2022,BA22,2022,2022-04-01,false
23835,sN: Start Deck 100 CoroCoro Comic Version,sN,2022,2022-03-01,false
2948,SWSH09: Brilliant Stars,SWSH09,2022,2022-02-25,false
3020,SWSH09: Brilliant Stars Trainer Gallery,SWSH09:TG,2022,2022-02-25,false
23639,S9a: Battle Region,S9a,2022,2022-02-25,false
23836,sLL: Lucario Starter Set VSTAR,sLL,2022,2022-02-25,false
23866,sLD: Darkrai Starter Set VSTAR,sLD,2022,2022-02-25,false
23628,S9: Star Birth,S9,2022,2022-01-14,false
23837,sK: VSTAR Premium Trainer Box,sK,2022,2022-01-14,false
23859,SI: Start Deck 100,SI,2021,2021-12-17,false
23644,S8b: VMAX Climax,S8b,2021,2021-12-03,false
23838,s8a-G: 25th Anniversary Golden Box,s8a-G,2021,2021-12-01,false
2906,SWSH08: Fusion Strike,SWSH08,2021,2021-11-12,false
23839,sJ: Zacian & Zamazenta vs Eternatus Special Deck Set,sJ,2021,2021-11-05,false
23638,S8a: 25th Anniversary Collection,S8a,2021,2021-10-22,false
23847,s8a-P: Promo Card Pack 25th Anniversary Edition,s8a-P,2021,2021-10-22,false
2867,Celebrations,CLB,2021,2021-10-08,false
2931,Celebrations: Classic Collection,CCC,2021,2021-10-08,false
23627,S8: Fusion Arts,S8,2021,2021-09-24,false
2848,SWSH07: Evolving Skies,SWSH07,2021,2021-08-27,false
23840,sp5: V-UNION Special Card Sets,sp5,2021,2021-08-20,false
23625,S7D: Skyscraping Perfection,S7D,2021,2021-07-09,false
23626,S7R: Blue Sky Stream,S7R,2021,2021-07-09,false
23865,sH: Sword & Shield Family Pokemon Card Game,sH,2021,2021-07-09,false
23826,SS: Gengar VMAX High-Class Deck,sGG,2021,2021-07-07,false
23827,SS: Inteleon VMAX High-Class Deck,sGI,2021,2021-07-07,false
2807,SWSH06: Chilling Reign,SWSH06,2021,2021-06-18,false
23637,S6a: Eevee Heroes,S6a,2021,2021-05-28,false
23841,sp4: Eevee Heroes VMAX Special Set,sp4,2021,2021-05-28,false
23623,S6H: Silver Lance,S6H,2021,2021-04-23,false
23624,S6K: Jet-Black Spirit,S6K,2021,2021-04-23,false
23829,SS: Silver Lance & Jet-Black Spirit Jumbo Pack Set,sp3,2021,2021-04-23,false
2765,SWSH05: Battle Styles,SWSH05,2021,2021-03-19,false
23636,S5a: Peerless Fighters,S5a,2021,2021-03-19,false
2754,Shining Fates,SHF,2021,2021-02-19,false
2781,Shining Fates: Shiny Vault,SHFSV,2021,2021-02-19,false
2782,McDonald's 25th Anniversary Promos,M21,2021,2021-02-09,true
23621,S5I: Single Strike Master,S5I,2021,2021-01-22,false
23622,S5R: Rapid Strike Master,S5R,2021,2021-01-22,false
23864,sF: Single Strike & Rapid Strike Premium Trainer Boxes,sF,2021,2021-01-22,false
23842,sEK: Blastoise Starter Set VMAX,sEK,2020,2020-12-04,false
23843,sC2: Charizard Starter Set VMAX 2,sC2,2020,2020-12-04,false
23844,sEF: Venusaur Starter Set VMAX,sEF,2020,2020-12-04,false
23643,S4a: Shiny Star V,S4a,2020,2020-11-20,false
2701,SWSH04: Vivid Voltage,SWSH04,2020,2020-11-13,false
23852,sp2: VMAX Special Set,sp2,2020,2020-10-23,false
2685,Champion's Path,CHP,2020,2020-09-25,false
23620,S4: Amazing Volt Tackle,S4,2020,2020-09-18,false
2675,SWSH03: Darkness Ablaze,SWSH03,2020,2020-08-14,false
2686,Battle Academy,BTA,2020,2020-07-31,true
23635,S3a: Legendary Heartbeat,S3a,2020,2020-07-10,false
23853,sD: V Starter Decks,sD,2020,2020-07-10,false
23619,S3: Infinity Zone,S3,2020,2020-06-05,false
2626,SWSH02: Rebel Clash,SWSH02,2020,2020-05-01,false
23634,S2a: Explosive Walker,S2a,2020,2020-04-24,false
23854,sC: Charizard Starter Set VMAX,sC,2020,2020-03-27,false
23855,sC: Grimmsnarl Starter Set VMAX,sC,2020,2020-03-27,false
23618,S2: Rebellion Crash,S2,2020,2020-03-06,false
2585,SWSH01: Sword & Shield Base Set,SWSH01,2020,2020-02-07,false
23633,S1a: VMAX Rising,S1a,2020,2020-02-07,false
23856,sp1: Zacian + Zamazenta Box,sp1,2019,2019-12-27,false
23616,S1W: Sword,S1W,2019,2019-12-06,false
23617,S1H: Shield,S1H,2019,2019-12-06,false
23863,sB: Sword & Shield Premium Trainer Box,sB,2019,2019-12-06,false
23857,sA: Fighting Starter Set V,sA,2019,2019-11-29,false
23858,sA: Fire Starter Set V,sA,2019,2019-11-29,false
23860,sA: Grass Starter Set V,sA,2019,2019-11-29,false
23861,sA: Lightning Starter Set V,sA,2019,2019-11-29,false
23862,sA: Water Starter Set V,sA,2019,2019-11-29,false
2545,SWSH: Sword & Shield Promo Cards,SWSD,2019,2019-11-15,false
2534,SM - Cosmic Eclipse,SM12,2019,2019-11-01,false
23876,S-P: Sword & Shield Promos,S-P,2019,2019-11-01,false
23709,SM12a: TAG TEAM GX: Tag All Stars,SM12a,2019,2019-10-04,false
24514,BW: Extra Regulation Box,BW,2019,2019-10-04,false
2555,McDonald's Promos 2019,M19,2019,2019-10-01,false
23691,SM12: Alter Genesis,SM12,2019,2019-09-06,false
2480,Hidden Fates,HIF,2019,2019-08-23,false
2594,Hidden Fates: Shiny Vault,HIF:SV,2019,2019-08-23,false
2464,SM - Unified Minds,SM11,2019,2019-08-02,false
23706,SM11b: Dream League,SM11b,2019,2019-08-02,false
23705,SM11a: Remix Bout,SM11a,2019,2019-07-05,false
23690,SM11: Miracle Twin,SM11,2019,2019-05-31,false
23868,smM: Tag Team GX Starter Sets,smM,2019,2019-05-31,false
2420,SM - Unbroken Bonds,SM10,2019,2019-05-03,false
23704,SM10b: Sky Legend,SM10b,2019,2019-04-26,false
23869,smP2: Great Detective Pikachu,smP2,2019,2019-04-26,false
2409,Detective Pikachu,DEP,2019,2019-04-05,false
23703,SM10a: GG End,SM10a,2019,2019-04-05,false
23870,smL: Sun & Moon Family Pokemon Card Game,smL,2019,2019-03-15,false
23689,SM10: Double Blaze,SM10,2019,2019-03-01,false
23871,smN: Tag Team GX Deck Build Box,smN,2019,2019-03-01,false
2377,SM - Team Up,SM9,2019,2019-02-01,false
23702,SM9b: Full Metal Wall,SM9b,2019,2019-02-01,false
23872,smK: Trainer Battle Decks,smK,2019,2019-01-25,false
23701,SM9a: Night Unison,SM9a,2019,2019-01-11,false
23688,SM9: Tag Bolt,SM9,2018,2018-12-07,false
23873,smJ: Tag Team GX Premium Trainer Box,smJ,2018,2018-12-07,false
23875,"smI: Flareon-GX, Vaporeon-GX & Jolteon-GX Starter Sets",smI,2018,2018-11-23,false
2328,SM - Lost Thunder,SM8,2018,2018-11-02,false
2364,McDonald's Promos 2018,M18,2018,2018-11-02,true
23708,SM8b: GX Ultra Shiny,SM8b,2018,2018-11-02,false
23700,SM8a: Dark Order,SM8a,2018,2018-10-05,false
2295,Dragon Majesty,DRM,2018,2018-09-07,false
23687,SM8: Super-Burst Impact,SM8,2018,2018-09-07,false
2278,SM - Celestial Storm,CES,2018,2018-08-03,false
23699,SM7b: Fairy Rise,SM7b,2018,2018-08-03,false
23888,smH: GX Starter Decks,smH,2018,2018-07-13,false
23698,SM7a: Thunderclap Spark,SM7a,2018,2018-07-06,false
2282,World Championship Decks,WCD,2018,2018-07-01,false
23686,SM7: Sky-Splitting Charisma,SM7,2018,2018-06-01,false
23697,SM6b: Champion Road,SM6b,2018,2018-05-30,false
2209,SM - Forbidden Light,SM06,2018,2018-05-04,false
2208,SM Trainer Kit: Alolan Sandslash & Alolan Ninetales,SMK2,2018,2018-04-06,true
23696,SM6a: Dragon Storm,SM6a,2018,2018-04-06,false
23685,SM6: Forbidden Light,SM6,2018,2018-03-02,false
23886,smG: Ultra Sun & Ultra Moon Deck Build Boxes,smG,2018,2018-02-16,false
2178,SM - Ultra Prism,SM05,2018,2018-02-02,false
23695,SM5+: Ultra Force,SM5+,2018,2018-01-19,false
23683,SM5S: Ultra Sun,SM5S,2017,2017-12-08,false
23684,SM5M: Ultra Moon,SM5M,2017,2017-12-08,false
23885,smF: Ultra Sun & Ultra Moon Premium Trainer Box,smF,2017,2017-12-08,false
23884,smE: Solgaleo-GX & Lunala-GX Legendary Starter Set,smE,2017,2017-11-10,false
2148,McDonald's Promos 2017,M17,2017,2017-11-07,true
2071,SM - Crimson Invasion,SM04,2017,2017-11-03,false
23707,SM4+: GX Battle Boost,SM4+,2017,2017-10-20,false
2054,Shining Legends,SHL,2017,2017-10-06,false
23681,SM4S: Awakened Heroes,SM4S,2017,2017-09-15,false
23682,SM4A: Ultradimensional Beasts,SM4A,2017,2017-09-15,false
1957,SM - Burning Shadows,SM03,2017,2017-08-04,false
23694,SM3+: Shining Legends,SM3+,2017,2017-07-15,false
23679,SM3H: To Have Seen the Battle Rainbow,SM3H,2017,2017-06-16,false
23680,SM3N: Darkness that Consumes Light,SM3N,2017,2017-06-16,false
1919,SM - Guardians Rising,SM02,2017,2017-05-05,false
2069,SM Trainer Kit: Lycanroc & Alolan Raichu,SMK1,2017,2017-04-21,false
23095,Ash vs Team Rocket Deck Kit (JP Exclusive),AVTR,2017,2017-04-21,false
23693,SM2+: Facing a New Trial,SM2+,2017,2017-04-21,false
23883,smD: Ash vs Team Rocket Deck Kit,smD,2017,2017-04-21,false
23887,SM: The Best of XY,XY,2017,2017-04-21,false
23677,SM2K: Islands Await You,SM2K,2017,2017-03-17,false
23678,SM2L: Alolan Moonlight,SM2L,2017,2017-03-17,false
23882,smC: Tapu Bulu-GX Enhanced Starter Set,smC,2017,2017-03-17,false
1863,SM Base Set,SM01,2017,2017-02-03,false
23692,SM1+: Sun & Moon,SM1+,2017,2017-01-27,false
23880,sm1+: Enhanced Expansion Pack Sun & Moon,sm1+,2017,2017-01-27,false
23877,smP1: Rockruff Full Power Deck,smP1,2016,2016-12-15,false
1861,SM Promos,SMP,2016,2016-12-14,false
23675,SM1S: Collection Sun,SM1S,2016,2016-12-09,false
23676,SM1M: Collection Moon,SM1M,2016,2016-12-09,false
23878,smB: Premium Trainer Box,smB,2016,2016-12-09,false
23879,smA: Sun & Moon Starter Set,smA,2016,2016-12-09,false
23674,SM0: Pikachu's New Friends,SM0,2016,2016-11-18,false
1842,XY - Evolutions,EVO,2016,2016-11-02,false
23881,SM-P: Sun & Moon Promos,SM-P,2016,2016-11-01,false
23982,CP6: Expansion Pack 20th Anniversary,CP6,2016,2016-09-16,false
1840,Deck Exclusives,PR,2016,2016-09-01,false
3087,McDonald's Promos 2016,M16,2016,2016-08-05,true
1815,XY - Steam Siege,STS,2016,2016-08-03,false
23981,CP5: Mythical & Legendary Dream Shine Collection,CP5,2016,2016-07-16,false
23916,XY11-Bb: Fever-Burst Fighter,XY11-Bb,2016,2016-06-17,false
23917,XY11-Br: Cruel Traitor,XY11-Br,2016,2016-06-17,false
1539,League & Championship Cards,PR,2016,2016-06-01,false
1780,XY - Fates Collide,FCO,2016,2016-05-02,false
1796,XY Trainer Kit: Pikachu Libre & Suicune,PR,2016,2016-04-27,false
23972,CP4: Premium Champion Pack,CP4,2016,2016-04-16,false
23913,XY10: Awakening Psychic King,XY10,2016,2016-03-18,false
23968,XYG: Zygarde-EX Perfect Battle Deck,XYG,2016,2016-03-18,false
23969,XYH: M Audino-EX Mega Battle Deck,XYH,2016,2016-03-18,false
23963,BREAK Starter Pack,20th,2016,2016-02-27,false
1728,Generations,GEN,2016,2016-02-22,false
1729,Generations: Radiant Collection,GEN,2016,2016-02-22,false
1701,XY - BREAKpoint,BKP,2016,2016-02-03,false
23970,CP3: PokeKyun Collection,CP3,2016,2016-01-29,false
23927,XY9: Rage of the Broken Heavens,XY9,2015,2015-12-11,false
1694,McDonald's Promos 2015,M15,2015,2015-11-23,false
1661,XY - BREAKthrough,BKT,2015,2015-11-04,false
23965,XYF: Golduck BREAK + Palkia-EX Combo Deck,XYF,2015,2015-10-09,false
23925,XY8-Bb: Blue Shock,XY8-Bb,2015,2015-09-26,false
23926,XY8-Br: Red Flash,XY8-Br,2015,2015-09-26,false
23987,SNP: Noivern BREAK Evolution Pack,SNP,2015,2015-09-26,false
23988,SNP: Raichu BREAK Evolution Pack,SNP,2015,2015-09-26,false
1576,XY - Ancient Origins,AOR,2015,2015-08-12,false
23985,M Master Deck Build Box Power Style,MMB,2015,2015-08-07,false
23986,M Master Deck Build Box Speed Style,MMB,2015,2015-08-07,false
23962,XYE: Emboar-EX vs Togekiss-EX Deck Kit,XYE,2015,2015-07-18,false
23966,CP2: Legendary Shine Collection,CP2,2015,2015-07-18,false
23924,XY7: Bandit Ring,XY7,2015,2015-06-20,false
1534,XY - Roaring Skies,ROS,2015,2015-05-06,false
1536,XY Trainer Kit: Latias & Latios,PR,2015,2015-04-29,false
1528,Jumbo Cards,PR,2015,2015-04-01,false
1525,Double Crisis,DCR,2015,2015-03-25,false
23923,XY6: Emerald Break,XY6,2015,2015-03-14,false
23961,XYD: M Rayquaza-EX Mega Battle Deck,XYD,2015,2015-03-14,false
1509,XY - Primal Clash,PRC,2015,2015-02-04,false
23964,CP1: Magma Gang vs Aqua Gang: Double Crisis,CP1,2015,2015-01-30,false
23921,XY5-Bg: Gaia Volcano,XY5-Bg,2014,2014-12-13,false
23922,XY5-Bt: Tidal Storm,XY5-Bt,2014,2014-12-13,false
1533,XY Trainer Kit: Bisharp & Wigglytuff,PR,2014,2014-11-14,false
23960,XYC: Super Legend Set: Xerneas-EX & Yveltal-EX,XYC,2014,2014-11-14,false
1494,XY - Phantom Forces,PHF,2014,2014-11-05,false
23920,XY4: Phantom Gate,XY4,2014,2014-09-13,false
23959,XYB: Dialga-EX + Aegislash-EX Hyper Metal Chain Deck,XYB,2014,2014-09-13,false
1481,XY - Furious Fists,FFI,2014,2014-08-13,false
23919,XY3: Rising Fist,XY3,2014,2014-06-14,false
1692,McDonald's Promos 2014,M14,2014,2014-05-23,false
1464,XY - Flashfire,FLF,2014,2014-05-07,false
23918,XY2: Wild Blaze,XY2,2014,2014-03-15,false
23958,XYA: M Charizard-EX Mega Battle Deck,XYA,2014,2014-03-15,false
1532,XY Trainer Kit: Sylveon & Noivern,PR,2014,2014-03-12,false
1387,XY Base Set,XY,2014,2014-02-05,false
23971,Yveltal Half Deck,Y30,2014,2014-01-31,false
23980,Xerneas Half Deck,X30,2014,2014-01-31,false
1451,XY Promos,PR,2013,2013-12-16,false
23914,XY-Bx: Collection X,XY-Bx,2013,2013-12-13,false
23915,XY-By: Collection Y,XY-By,2013,2013-12-13,false
1522,Kalos Starter Set,KSS,2013,2013-11-08,false
23983,XY Beginning Set,HXY,2013,2013-11-08,false
1409,Legendary Treasures,LTR,2013,2013-11-06,false
1465,Legendary Treasures: Radiant Collection,LTR,2013,2013-11-06,false
1370,Plasma Blast,PLB,2013,2013-08-14,false
23908,XY-P: XY Promos,XY-P,2013,2013-08-01,false
23912,EX Battle Boost,EBB,2013,2013-07-13,false
23937,Mewtwo vs Genesect Deck Kit (Mewtwo),MG,2013,2013-07-13,false
23955,Mewtwo vs Genesect Deck Kit (Genesect),MG,2013,2013-07-13,false
1382,Plasma Freeze,PLF,2013,2013-05-08,false
23906,BW9: Megalo Cannon,BW9,2013,2013-03-15,false
23938,Blastoise + Kyurem-EX Combo Deck,K+K,2013,2013-03-15,false
1413,Plasma Storm,PLS,2013,2013-02-06,false
23911,Shiny Collection,SC,2013,2013-02-01,false
23904,BW8: Spiral Force,BW8,2012,2012-12-14,false
23905,BW8: Thunder Knuckle,BW8,2012,2012-12-14,false
23939,Everyone's Exciting Battle,WAK,2012,2012-11-16,false
23949,Team Plasma Battle Gift Set,PBG,2012,2012-11-16,false
1408,Boundaries Crossed,BCR,2012,2012-11-07,false
23946,BKB: Black Kyurem-EX Battle Strength Deck,BKB,2012,2012-10-19,false
23947,BKW: White Kyurem-EX Battle Strength Deck,BKW,2012,2012-10-19,false
1426,Dragon Vault,DRV,2012,2012-10-05,false
23903,BW7: Plasma Gale,BW7,2012,2012-09-14,false
23940,Master Deck Build Box EX,MDB,2012,2012-09-14,false
23945,Team Plasma's Powered Half Deck,PPD,2012,2012-09-14,false
1394,Dragons Exalted,DRX,2012,2012-08-15,false
23901,BW6: Freeze Bolt,BW6,2012,2012-07-13,false
23902,BW6: Cold Flare,BW6,2012,2012-07-13,false
1427,McDonald's Promos 2012,M12,2012,2012-06-15,false
1386,Dark Explorers,DEX,2012,2012-05-09,false
23941,Keldeo Battle Strength Deck,KLD,2012,2012-04-20,false
23899,BW5: Dragon Blast,BW5,2012,2012-03-16,false
23900,BW5: Dragon Blade,BW5,2012,2012-03-16,false
23942,Garchomp Half Deck,GBR,2012,2012-03-16,false
23943,Hydreigon Half Deck,SZD,2012,2012-03-16,false
1412,Next Destinies,NXD,2012,2012-02-08,false
23910,Dragon Selection,DS,2012,2012-01-27,false
23898,BW4: Dark Rush,BW4,2011,2011-12-16,false
23944,Battle Gift Set: Thundurus vs Tornadus,BGS,2011,2011-11-18,false
1385,Noble Victories,NVI,2011,2011-11-16,false
23935,BKR: Reshiram-EX Battle Strength Deck,BKR,2011,2011-10-21,false
23936,BKZ: Zekrom-EX Battle Strength Deck,BKZ,2011,2011-10-21,false
23896,BW3: Psycho Drive,BW3,2011,2011-09-16,false
23897,BW3: Hail Blizzard,BW3,2011,2011-09-16,false
1538,BW Trainer Kit: Excadrill & Zoroark,BLW,2011,2011-09-05,false
1424,Emerging Powers,EPO,2011,2011-08-31,false
23895,BW2: Red Collection,BW2,2011,2011-07-15,false
1401,McDonald's Promos 2011,M11,2011,2011-06-17,false
23934,Battle Theme Deck: Victini,BTV,2011,2011-06-17,false
1400,Black and White,BLW,2011,2011-04-25,false
1407,Black and White Promos,PR,2011,2011-04-25,false
23950,BK: Virizion Battle Strength Deck,BK,2011,2011-03-18,false
23951,BK: Terrakion Battle Strength Deck,BK,2011,2011-03-18,false
23952,BK: Cobalion Battle Strength Deck,BK,2011,2011-03-18,false
1415,Call of Legends,CL,2011,2011-02-09,false
23893,BW1: Black Collection,BW1,2010,2010-12-17,false
23894,BW1: White Collection,BW1,2010,2010-12-17,false
24342,BW-P Promotional cards,BW-P,2010,2010-12-01,false
1381,Triumphant,TM,2010,2010-11-03,false
23933,CS1: Journey Partners Collection Sheet,CS1,2010,2010-09-18,false
1403,Undaunted,UD,2010,2010-08-18,false
24024,L3: Clash at the Summit,L3,2010,2010-07-08,false
1399,Unleashed,UL,2010,2010-05-12,false
1540,HGSS Trainer Kit: Gyarados & Raichu,PR,2010,2010-05-12,false
24022,LL: Lost Link,LL,2010,2010-04-16,false
24021,L2: Revival Legends,L2,2010,2010-02-11,false
24080,L2: Steelix Constructed Standard Deck,L2,2010,2010-02-11,false
24081,L2: Tyranitar Constructed Standard Deck,L2,2010,2010-02-11,false
1402,HeartGold SoulSilver,HS,2010,2010-02-10,false
1453,HGSS Promos,PR,2010,2010-02-01,false
24028,Leafeon vs Metagross Expert Deck (Leafeon),E,2009,2009-11-20,false
24029,Leafeon vs Metagross Expert Deck (Metagross),E,2009,2009-11-20,false
24056,Battle Starter Deck (Blastoise),B,2009,2009-11-20,false
24057,Battle Starter Deck (Magmortar),B,2009,2009-11-20,false
24058,Battle Starter Deck (Raichu),B,2009,2009-11-20,false
24059,Battle Starter Deck (Torterra),B,2009,2009-11-20,false
1433,Rumble,RUM,2009,2009-11-16,false
1391,Arceus,AR,2009,2009-11-04,false
24025,L1: HeartGold Collection,L1: HG,2009,2009-10-09,false
24026,L1: SoulSilver Collection,L1: SS,2009,2009-10-09,false
24023,L-P: Legends Promos,L-P,2009,2009-09-01,false
1384,Supreme Victors,SV,2009,2009-08-19,false
24144,Movie Commemoration Random Pack,,2009,2009-07-18,false
24151,Melee! Pokemon Scramble,,2009,2009-07-10,false
24001,Pt4: Advent of Arceus,Pt4,2009,2009-07-08,false
24002,Pt: Arceus LV.X Deck: Grass & Fire,Pt,2009,2009-07-08,false
24003,Pt: Arceus LV.X Deck: Lightning & Psychic,Pt,2009,2009-07-08,false
24054,Arceus LV.X Deck: Grass & Fire,Pt,2009,2009-07-08,false
24055,Arceus LV.X Deck: Lightning & Psychic,Pt,2009,2009-07-08,false
1367,Rising Rivals,RR,2009,2009-05-16,false
24004,PtM: Mewtwo LV.X Collection Pack,PtM,2009,2009-04-18,false
24005,PtR: Regigigas LV.X Collection Pack,PtR,2009,2009-04-18,false
24006,PtS: Shaymin LV.X Collection Pack,PtS,2009,2009-04-18,false
24000,Pt3: Beat of the Frontier,Pt3,2009,2009-03-06,false
1406,Platinum,PL,2009,2009-02-11,false
23999,Pt2: Bonds to the End of Time,Pt2,2008,2008-12-26,false
24030,Infernape vs Gallade SP Deck Kit (Infernape),Pt,2008,2008-12-26,false
24031,Infernape vs Gallade SP Deck Kit (Gallade),Pt,2008,2008-12-26,false
24032,Garchomp vs Charizard SP Deck Kit (Garchomp),Pt,2008,2008-12-26,false
24033,Garchomp vs Charizard SP Deck Kit (Charizard),Pt,2008,2008-12-26,false
24035,DPt Gift Box (Chimchar),DPt,2008,2008-11-20,false
24036,DPt Gift Box (Pikachu),DPt,2008,2008-11-20,false
24037,DPt Gift Box (Piplup),DPt,2008,2008-11-20,false
24038,DPt Gift Box (Turtwig),DPt,2008,2008-11-20,false
1369,Stormfront,SF,2008,2008-11-05,false
23998,Pt1: Galactic's Conquest,Pt1,2008,2008-10-10,false
24042,Entry Pack DPt (Dialga),,2008,2008-10-10,false
24043,Entry Pack DPt (Giratina),,2008,2008-10-10,false
24044,Entry Pack DPt (Palkia),,2008,2008-10-10,false
2155,Countdown Calendar Promos,CCP,2008,2008-10-01,true
24136,DPt-P Promotional cards,,2008,2008-10-01,false
1417,Legends Awakened,LA,2008,2008-08-20,false
24145,11th Movie Commemoration Set,,2008,2008-08-01,false
24027,Intense Fight in the Destroyed Sky,,2008,2008-07-10,false
24045,Giratina vs Dialga Deck Kit (Dialga),,2008,2008-07-10,false
24046,Giratina vs Dialga Deck Kit (Giratina),,2008,2008-07-10,false
1390,Majestic Dawn,MD,2008,2008-05-21,false
23978,DP5: Temple of Anger,DP5,2008,2008-03-14,false
23979,DP5: Cry from the Mysterious,DP5,2008,2008-03-14,false
24039,Heatran vs Regigigas Deck Kit,DP5,2008,2008-03-14,false
1405,Great Encounters,GE,2008,2008-02-13,false
24041,Entry Pack '08,DP,2007,2007-11-30,false
1380,Secret Wonders,SW,2007,2007-11-07,false
23976,DP4: Dawn Dash,DP4,2007,2007-10-26,false
23977,DP4: Moonlit Pursuit,DP4,2007,2007-10-26,false
24052,Magmortar vs Electivire Deck Kit,DP4,2007,2007-10-26,false
609,DP Training Kit 1 Blue,PR,2007,2007-09-24,false
610,DP Training Kit 1 Gold,PR,2007,2007-09-24,false
1541,DP Trainer Kit: Manaphy & Lucario,PR,2007,2007-09-03,false
1368,Mysterious Treasures,MT,2007,2007-08-22,false
24146,10th Movie Commemoration Set,,2007,2007-08-03,false
23975,DP3: Shining Darkness,DP3,2007,2007-07-05,false
24050,Dialga LV.X Constructed Standard Deck,DP3,2007,2007-07-05,false
24051,Palkia LV.X Constructed Standard Deck,DP3,2007,2007-07-05,false
24053,World Champions Pack,,2007,2007-07-05,false
1430,Diamond and Pearl,DP,2007,2007-05-23,false
1421,Diamond and Pearl Promos,PR,2007,2007-05-01,false
24152,PPP Promotional cards,,2007,2007-05-01,false
23974,DP2: Secret of the Lakes,DP2,2007,2007-03-02,false
24047,Bastiodon the Defender Half Deck,DP2,2007,2007-03-02,false
24048,Rampardos the Attacker Constructed Half Deck,DP2,2007,2007-03-02,false
1383,Power Keepers,PK,2007,2007-02-01,false
24137,DP-P Promotional cards,,2006,2006-12-01,false
23973,DP1: Space-Time Creation,DP1,2006,2006-11-30,false
1411,Dragon Frontiers,DF,2006,2006-11-08,false
24040,Entry Pack,DP1,2006,2006-10-27,false
1395,Crystal Guardians,CG,2006,2006-08-30,false
24147,Movie Commemoration VS Pack: Sea's Manaphy,,2006,2006-07-15,false
24090,Offense and Defense of the Furthest Ends,,2006,2006-06-29,false
24091,Imprison! Gardevoir ex Constructed Standard Deck,,2006,2006-06-29,false
24092,Shockwave! Tyranitar ex Constructed Standard Deck,,2006,2006-06-29,false
1379,Holon Phantoms,HP,2006,2006-05-03,false
24099,Miracle Crystal,,2006,2006-03-10,false
24082,Earth's Groudon ex Constructed Starter Deck,,2006,2006-03-03,false
24083,Ocean's Kyogre ex Constructed Starter Deck,,2006,2006-03-03,false
1378,Legend Maker,LM,2006,2006-02-13,false
24084,Holon Phantom,,2006,2006-01-27,false
24521,Trainer Prize Cards,,2006,2006-01-06,false
24093,Gift Box Mew - Lucario (Mew Quarter Deck),,2005,2005-11-16,false
24094,Gift Box Mew - Lucario (Lucario Quarter Deck),,2005,2005-11-16,false
24095,Gift Box Mew - Lucario (Crawdaunt Quarter Deck),,2005,2005-11-16,false
24096,Gift Box Mew - Lucario (Mightyena Quarter Deck),,2005,2005-11-16,false
24098,Gift Box Mew - Lucario (Pokemon Star),,2005,2005-11-16,false
1429,Delta Species,DS,2005,2005-10-31,false
24085,Holon Research Tower,,2005,2005-10-28,false
24086,Holon Research Tower Fire Quarter Deck,,2005,2005-09-30,false
24087,Holon Research Tower Lightning Quarter Deck,,2005,2005-09-30,false
24088,Holon Research Tower Water Quarter Deck,,2005,2005-09-30,false
1398,Unseen Forces,UF,2005,2005-08-22,false
24148,Movie Commemoration VS Pack: Aura's Lucario,,2005,2005-07-16,false
24100,Master Kit (Bulbasaur),,2005,2005-07-15,false
24158,Master Kit (Torchic),,2005,2005-07-15,false
24159,Master Kit (Side Deck),,2005,2005-07-15,false
24101,Mirage Forest,,2005,2005-06-30,false
24102,Mirage's Mew Constructed Starter Deck,,2005,2005-06-30,false
1410,Emerald,EM,2005,2005-05-09,false
24103,"Golden Sky, Silvery Ocean",,2005,2005-04-08,false
24153,PokéPark Blue,,2005,2005-03-18,false
24154,PokePark Forest,,2005,2005-03-18,false
24104,Feraligatr Constructed Starter Deck,,2005,2005-03-05,false
24105,Meganium Constructed Starter Deck,,2005,2005-03-05,false
24106,Typhlosion Constructed Starter Deck,,2005,2005-03-05,false
1404,Deoxys,DX,2005,2005-02-14,false
24107,Fighting Quick Construction Pack,,2005,2005-01-16,false
24108,Fire Quick Construction Pack,,2005,2005-01-16,false
24109,Grass Quick Construction Pack,,2005,2005-01-16,false
24110,Lightning Quick Construction Pack,,2005,2005-01-16,false
24111,Psychic Quick Construction Pack,,2005,2005-01-16,false
24112,Water Quick Construction Pack,,2005,2005-01-16,false
24127,Emerald Gift Box (Deoxys),,2004,2004-11-19,false
24130,Emerald Gift Box (Rayquaza),,2004,2004-11-19,false
24134,Black Deck Kit,,2004,2004-11-19,false
24135,Rocket Gang Strikes Back,,2004,2004-11-19,false
1428,Team Rocket Returns,RR,2004,2004-11-01,false
1853,EX Battle Stadium,BST,2004,2004-10-18,false
24113,Silver Deck Kit,,2004,2004-10-15,false
1419,FireRed & LeafGreen,RG,2004,2004-08-30,false
24503,Movie Commemoration VS Pack: Sky-Splitting Deoxys,,2004,2004-07-17,false
2214,Kids WB Promos,KWBP,2004,2004-07-02,false
24114,Clash of the Blue Sky,,2004,2004-07-01,false
24115,Deoxys Constructed Starter Deck,,2004,2004-07-01,false
24116,Rayquaza Constructed Starter Deck,,2004,2004-07-01,false
1416,Hidden Legends,HL,2004,2004-06-14,false
24117,Flight of Legends,,2004,2004-04-09,false
24612,Random Constructed Starter Decks (Venusaur/Charizard/Blastoise),,2004,2004-03-19,false
1377,Team Magma vs Team Aqua,MA,2004,2004-03-15,false
24138,PCG-P Promotional cards,,2004,2004-02-01,false
24118,Metagross Constructed Starter Deck,,2004,2004-01-16,false
24119,Undone Seal,,2004,2004-01-16,false
1376,Dragon,DR,2003,2003-11-24,false
24120,Gift Box (Latias),,2003,2003-11-17,false
24121,Gift Box (Latios),,2003,2003-11-17,false
24122,Aqua Deck Kit,,2003,2003-10-24,false
24123,Magma Deck Kit,,2003,2003-10-24,false
24124,Magma VS Aqua: Two Ambitions,,2003,2003-10-24,false
1392,Sandstorm,SS,2003,2003-09-18,false
24149,Movie Commemoration VS Pack,,2003,2003-07-19,false
24125,Flygon Constructed Starter Deck,,2003,2003-06-25,false
24126,Salamence Constructed Starter Deck,,2003,2003-06-25,false
24128,Rulers of the Heavens,,2003,2003-06-25,false
1393,Ruby and Sapphire,RS,2003,2003-06-18,false
1372,Skyridge,SK,2003,2003-05-12,false
24139,Miracle of the Desert,,2003,2003-04-18,false
24129,ADV Expansion Pack,,2003,2003-01-31,false
24131,Mudkip Constructed Starter Deck,,2003,2003-01-31,false
24132,Torchic Constructed Starter Deck,,2003,2003-01-31,false
24133,Treecko Constructed Starter Deck,,2003,2003-01-31,false
1397,Aquapolis,AQ,2003,2003-01-15,false
24140,ADV-P Promotional cards,,2003,2003-01-01,false
24155,PLAY Promotional cards,,2003,2003-01-01,false
1455,Best of Promos,PR,2002,2002-12-01,false
23734,Mysterious Mountains,,2002,2002-10-04,false
1375,Expedition,EX,2002,2002-09-15,false
23733,Split Earth,,2002,2002-08-23,false
24493,e-Reader Sample Cards,SAMPLE,2002,2002-08-02,false
24150,Theater Limited VS Pack,,2002,2002-07-13,false
1374,Legendary Collection,LC,2002,2002-05-24,false
23732,Wind from the Sea,,2002,2002-05-24,false
23731,The Town on No Map,,2002,2002-03-08,false
1444,Neo Destiny,N4,2002,2002-02-28,false
24156,McDonald's Pokémon-e Minimum Pack,,2002,2002-01-26,false
24157,T Promotional cards,,2002,2002-01-01,false
23730,Base Expansion Pack,,2001,2001-12-01,false
24167,Pokemon-e Starter Deck,,2001,2001-12-01,false
24141,Pokemon Web,,2001,2001-10-20,false
1389,Neo Revelation,N3,2001,2001-09-21,false
24180,Pokemon VS,,2001,2001-08-19,false
24142,J Promotional cards,,2001,2001-08-01,false
648,Southern Islands,SI,2001,2001-07-31,false
24143,P Promotional cards,,2001,2001-07-01,false
1434,Neo Discovery,N2,2001,2001-06-01,false
23729,"Darkness, and to Light...",,2001,2001-04-20,false
24160,Intro Pack Neo (Chikorita),,2001,2001-04-06,false
24161,Intro Pack Neo (Totodile),,2001,2001-04-06,false
1396,Neo Genesis,N1,2000,2000-12-16,false
23720,Awakening Legends,,2000,2000-11-23,false
24018,Neo Premium File 3,NPF3,2000,2000-11-23,false
1440,Gym Challenge,G2,2000,2000-10-16,false
1441,Gym Heroes,G1,2000,2000-10-14,false
23728,Crossing the Ruins...,,2000,2000-07-07,false
24017,Neo Premium File 2,NPF2,2000,2000-07-07,false
1373,Team Rocket,TR,2000,2000-04-24,false
605,Base Set 2,BS2,2000,2000-02-24,false
23727,"Gold, Silver, to a New World...",,2000,2000-02-04,false
24013,Neo Premium File 1,NPF1,1999,1999-12-10,false
630,Fossil,FO,1999,1999-10-10,false
24019,Southern Island,SI,1999,1999-07-30,false
24168,Intro Pack (Bulbasaur),,1999,1999-07-30,false
24169,Intro Pack (Squirtle),,1999,1999-07-30,false
1418,WoTC Promo,PR,1999,1999-07-01,false
635,Jungle,JU,1999,1999-06-16,false
604,Base Set,BS,1999,1999-01-09,false
1663,Base Set (Shadowless),BSS,1999,1999-01-09,false
24597,Quick Starter Gift Set (Green Deck),,1998,1998-12-01,false
24598,Quick Starter Gift Set (Red Deck),,1998,1998-12-01,false
23725,Leaders' Stadium,,1998,1998-10-24,false
24494,Player Placement Trainer Promos,No.PROMO,1998,1998-08-01,false
24175,City Gym Decks,,1998,1998-07-25,false
23726,Challenge from the Darkness,,1998,1998-06-25,false
23724,Rocket Gang,,1997,1997-11-21,false
23723,Mystery of the Fossils,,1997,1997-06-21,false
23722,Pokemon Jungle,,1997,1997-03-05,false
23721,Expansion Pack,,1996,1996-10-20,false
23740,Expansion Pack (No Rarity),,1996,1996-10-20,false
